p,time
0.0,81931957507716
0.0011811675017270318,81932057507716
-0.0034497678753950822,81932157507716
-0.00522327124383537,81932257507716
-0.010499641945216354,81932357507716
-0.00343198701386882,81932457507716
-0.0017357275213498724,81932557507716
-0.0016927316383998914,81932657507716
-0.0005316548472364957,81932757507716
-0.005316385416335834,81932857507716
-2.7065003109782992e-05,81932957507716
-0.0004029349970551266,81933057507716
-0.00047867754096841963,81933157507716
-0.006480367670519627,81933257507716
-0.0010600099442399369,81933357507716
0.004034694924030191,81933457507716
-0.006478851847191436,81933557507716
-0.003993953594999766,81933657507716
-0.007612834325982476,81933757507716
-0.0007930599343808353,81933857507716
-0.006887285312359381,81933957507716
-0.00514123980531167,81934057507716
-0.0037405090699849097,81934157507716
-0.0034872781393460173,81934257507716
-0.0033777880346406164,81934357507716
-0.0014818939735050662,81934457507716
-0.0008104327177989035,81934557507716
-0.00345172335062216,81934657507716
-0.004522878456668877,81934757507716
-0.008876705806414975,81934857507716
-0.006745078392555115,81934957507716
0.0007120985328583629,81935057507716
-0.00556669852255709,81935157507716
-0.005891974001769995,81935257507716
-0.0018969988926755832,81935357507716
-0.0028878259240627813,81935457507716
-0.004751381330947879,81935557507716
-0.0013513468672954332,81935657507716
0.0003936815112410841,81935757507716
0.0030197523004744653,81935857507716
0.004646076508720398,81935957507716
-0.005111627142014186,81936057507716
-0.007703432948005684,81936157507716
-0.003794450230429902,81936257507716
-0.0019893057832405248,81936357507716
-0.005140694216834163,81936457507716
-0.002024992823521643,81936557507716
-0.0035879933436717693,81936657507716
0.00498613187266983,81936757507716
0.0006056674505998672,81936857507716
-0.005800208878895319,81936957507716
-0.0019249855943144212,81937057507716
-0.0016732455551391467,81937157507716
-0.0028752727857863647,81937257507716
-0.005725375113456721,81937357507716
-0.006934273505180499,81937457507716
-0.005730402041990601,81937557507716
-0.004158386700396477,81937657507716
-0.005391126895119669,81937757507716
-0.005282442219822769,81937857507716
-0.005293247026543213,81937957507716
-0.006024108306633025,81938057507716
-0.003103470167047817,81938157507716
0.0035478768304528785,81938257507716
0.0015769800709222181,81938357507716
-0.002476698192594995,81938457507716
-0.006217388608092733,81938557507716
-0.006652278428305181,81938657507716
-0.00024961426811387355,81938757507716
0.0009388542300712288,81938857507716
-0.00013138614667695947,81938957507716
-0.0016548651752827936,81939057507716
-0.0018137486780460677,81939157507716
-0.0023625998295528916,81939257507716
-0.0027392332132194497,81939357507716
2.2164450683703762e-05,81939457507716
-0.004137348178687716,81939557507716
-0.005288338827199368,81939657507716
-0.0058456782159055365,81939757507716
-0.0069652809776243885,81939857507716
-0.0036268834865040844,81939957507716
-0.0008707192332622071,81940057507716
0.004597769047222755,81940157507716
0.0023762344225133347,81940257507716
-0.0017002068284455163,81940357507716
-0.0016596695132875539,81940457507716
-0.0008002096167274431,81940557507716
-0.001833374415241451,81940657507716
-0.00255307774909852,81940757507716
-0.0008135478356052772,81940857507716
-0.0011639174533684127,81940957507716
0.002271966438911477,81941057507716
-0.0018190209395925194,81941157507716
-0.006056617598801495,81941257507716
0.0008517291287262196,81941357507716
-0.00014277302557275107,81941457507716
-0.003588770998248947,81941557507716
-0.004471992872481678,81941657507716
-0.004128820294795332,81941757507716
-0.0002899129560773872,81941857507716
-0.0004066695639721729,81941957507716
0.0004239427139509644,81942057507716
-0.0036352050919958856,81942157507716
-0.01011866138401274,81942257507716
-0.007546305680307341,81942357507716
-0.006297562723602823,81942457507716
-0.0035799448932039013,81942557507716
0.0016430667017175438,81942657507716
0.003201121847041577,81942757507716
-0.00040176746199449553,81942857507716
-0.00858330430571641,81942957507716
0.0012272328992821713,81943057507716
0.0020121875140830525,81943157507716
0.0036155038819742913,81943257507716
0.002980934154834358,81943357507716
0.0027268326971352508,81943457507716
-0.004048536948403125,81943557507716
-0.0068279962415545015,81943657507716
0.015709374847233448,81943757507716
-0.011808538829200188,81943857507716
-0.001945593215396002,81943957507716
0.007800517060104539,81944057507716
0.00855851578921829,81944157507716
-0.007592452664312077,81944257507716
-0.008034521243871495,81944357507716
-0.01498865029634544,81944457507716
-0.0048348277709919785,81944557507716
0.002210327089983366,81944657507716
0.0021291421215892115,81944757507716
0.0016942246153348606,81944857507716
0.0031225888423023207,81944957507716
0.00775707779143886,81945057507716
0.0014360783188749338,81945157507716
-0.006746858785390941,81945257507716
-0.005093227533393474,81945357507716
0.002211780051538881,81945457507716
0.006338053824947565,81945557507716
0.002804431440040389,81945657507716
0.0028659076882604495,81945757507716
0.0015132192160081104,81945857507716
0.005128523516077621,81945957507716
0.0020997990100113384,81946057507716
-0.0043926744360760495,81946157507716
-0.005134422241894754,81946257507716
-0.0009121393815121337,81946357507716
0.0019898109654832297,81946457507716
0.006426994847970491,81946557507716
-0.006141474332025609,81946657507716
-0.002183639780014346,81946757507716
-0.0033321467456062237,81946857507716
0.0013837210923384191,81946957507716
0.001752365754555285,81947057507716
-0.001556274353902154,81947157507716
-0.00170137396867176,81947257507716
-0.008251442378991669,81947357507716
-0.003677223926388251,81947457507716
-5.1709543299693905e-05,81947557507716
0.0016996283495700482,81947657507716
0.0032523999711884244,81947757507716
-0.006852409750081279,81947857507716
-0.00864883968426966,81947957507716
-0.008223653229265437,81948057507716
-0.0018530785480379564,81948157507716
-0.004896295824323715,81948257507716
0.0017222487151684618,81948357507716
-0.0006338501457321399,81948457507716
-0.01303463277145056,81948557507716
0.00490692424352801,81948657507716
-0.005199397457545274,81948757507716
-0.005304886657199859,81948857507716
-0.0026737812682995354,81948957507716
0.006324275929728174,81949057507716
-0.003748948778934391,81949157507716
-0.0024316414577469914,81949257507716
0.006495938363741516,81949357507716
-0.00018715320572937344,81949457507716
-0.0020925119495132094,81949557507716
-0.004307492784619171,81949657507716
0.0010347733646085544,81949757507716
-0.0030823804312376524,81949857507716
0.0004998417184651771,81949957507716
-0.0057193840632407955,81950057507716
-0.0011429977530497126,81950157507716
-0.0076778207210281835,81950257507716
-0.0034222610561300826,81950357507716
-0.003170841812902836,81950457507716
-0.0013817713056596403,81950557507716
-0.0007322405749619065,81950657507716
-0.0026877594249299364,81950757507716
-0.002142901247793816,81950857507716
-0.009244966364008178,81950957507716
-0.004975880685037737,81951057507716
-0.00435801324726981,81951157507716
-0.002178357788238827,81951257507716
-0.0020464703561628994,81951357507716
-0.001344752988302389,81951457507716
-0.009605592854882161,81951557507716
-0.003678548427160422,81951657507716
0.003479814214756516,81951757507716
-0.002239768090362304,81951857507716
-0.004980407990046842,81951957507716
-0.00575341542867136,81952057507716
0.001662370067720076,81952157507716
0.0027785952125896074,81952257507716
0.004100878922372431,81952357507716
0.0001763099510299071,81952457507716
-0.0022100710402810364,81952557507716
-0.00026882186034526967,81952657507716
-0.0005451739802992961,81952757507716
-0.0016792662237321565,81952857507716
-0.0011755597960245723,81952957507716
-0.0011887087925970263,81953057507716
-0.001986977831393233,81953157507716
-0.0017050475880751037,81953257507716
-0.0038870828042263383,81953357507716
-0.0024935566869999093,81953457507716
-0.0027845581498695537,81953557507716
-0.0030133680775179528,81953657507716
-0.0046474843876467276,81953757507716
-0.0048358311969423085,81953857507716
-0.0031569999049452235,81953957507716
-0.0017331346861055863,81954057507716
-0.005323300822965393,81954157507716
-0.004878425422020882,81954257507716
-0.005345993781133984,81954357507716
-0.0026553389002401673,81954457507716
-0.004062917866690441,81954557507716
-0.006080842823621424,81954657507716
-0.001946094014215305,81954757507716
-0.0031176014524589846,81954857507716
-0.002830788953474439,81954957507716
6.14371443816708e-05,81955057507716
-0.005153813426773013,81955157507716
-0.0025246771531328704,81955257507716
0.0016851862338853607,81955357507716
-9.733208241868851e-05,81955457507716
0.0029130685335303497,81955557507716
0.004114554558441341,81955657507716
-0.0011045899263990577,81955757507716
-0.002437783401546767,81955857507716
-0.0036215236024190745,81955957507716
-0.006222703179901146,81956057507716
-0.006806395003536636,81956157507716
-0.007820065749569949,81956257507716
-0.006567986426603056,81956357507716
-0.0030833793284728017,81956457507716
0.0023851920117294867,81956557507716
-6.955799869956536e-05,81956657507716
0.0007984429174712204,81956757507716
0.0013259800232390262,81956857507716
0.0003161705026286654,81956957507716
-0.002359876338232425,81957057507716
-0.0014162941644144666,81957157507716
0.0,81957257507716
-0.0018801848380007868,81957357507716
-0.005568787038669143,81957457507716
2.752015791429585e-05,81957557507716
-0.002276277162536644,81957657507716
-0.006363629543102434,81957757507716
-0.004537262805001774,81957857507716
-0.002233555737007009,81957957507716
-0.00552388907101431,81958057507716
-0.008138556859080381,81958157507716
0.0002867509798534229,81958257507716
-0.0026402495607271703,81958357507716
-0.0013918785226678665,81958457507716
-0.0025812149236799087,81958557507716
-0.0018893825703116818,81958657507716
-0.004467694412369383,81958757507716
-0.006825150871122787,81958857507716
-9.579351251431945e-05,81958957507716
-0.006598202237000805,81959057507716
-0.004474640051057577,81959157507716
0.0010047341787640107,81959257507716
0.00042734439932701207,81959357507716
0.004483494990722647,81959457507716
0.005193006327317562,81959557507716
0.002461117121129064,81959657507716
0.004455747286783662,81959757507716
-0.0003882833607349312,81959857507716
-0.004800025296958665,81959957507716
-0.009918375845586525,81960057507716
-9.893278797790117e-05,81960157507716
0.0016988232677022097,81960257507716
-0.0027018753455649858,81960357507716
-0.00011788248127686529,81960457507716
3.318612448310887e-05,81960557507716
-0.0014837751924687836,81960657507716
0.0013307011752203834,81960757507716
-0.007553152953050812,81960857507716
-0.0037439302290067644,81960957507716
-0.006546002996401512,81961057507716
-0.00678470504044526,81961157507716
-0.0001372426058878773,81961257507716
-0.008068355481100298,81961357507716
-0.005296765799698733,81961457507716
-0.007110926884934088,81961557507716
-0.001958719650247076,81961657507716
-0.0016135052633217128,81961757507716
0.0036169460746577897,81961857507716
-0.0033312843465864717,81961957507716
-1.9280806782262516e-05,81962057507716
0.0016261145906355523,81962157507716
-0.003783295135121989,81962257507716
-0.0016816979995155634,81962357507716
-0.0017630745803671743,81962457507716
0.003479069836544113,81962557507716
0.000108465105427058,81962657507716
-0.008102160526846092,81962757507716
0.0019871218981961647,81962857507716
0.006438666622557321,81962957507716
-0.005751030270744195,81963057507716
-0.011397600244094974,81963157507716
-0.0015605792966653098,81963257507716
0.0004963069137602361,81963357507716
0.00393578442992748,81963457507716
-0.004780482504884276,81963557507716
-0.003315340306357939,81963657507716
-0.005383645669439829,81963757507716
-0.005490675083592578,81963857507716
0.0031878872346169373,81963957507716
0.0016645015211906866,81964057507716
0.0002932847074816891,81964157507716
-0.0048271313349914635,81964257507716
-0.001132481451008971,81964357507716
-0.0045325235566906485,81964457507716
-0.018461836579263036,81964557507716
0.0055463516792997325,81964657507716
0.002398572076685923,81964757507716
0.006755441630957648,81964857507716
-0.015323152407972884,81964957507716
-0.015509005268427245,81965057507716
0.004474168173146609,81965157507716
0.014845192413645236,81965257507716
0.0128383593558965,81965357507716
-0.007472837465343218,81965457507716
-0.006721017780364491,81965557507716
0.004918398745303421,81965657507716
0.0028029874149524403,81965757507716
-0.011855451452561283,81965857507716
-0.0073116554359557995,81965957507716
-0.004154231662710117,81966057507716
-0.007001195135103444,81966157507716
0.007910047366181061,81966257507716
0.006026939216894789,81966357507716
-0.0015945116352895639,81966457507716
-0.011596604132364519,81966557507716
0.0014460414407722055,81966657507716
0.013130010145573578,81966757507716
0.007733504396014723,81966857507716
-0.0013366738631930275,81966957507716
-0.005486412701543486,81967057507716
0.00020856623473264335,81967157507716
0.008374520329994084,81967257507716
0.0,81967357507716
0.0020823455482741338,81967457507716
0.0029176544517213188,81967557507716
0.0015086743733263575,81967657507716
0.0026925978104372916,81967757507716
0.0008987278163203882,81967857507716
-0.0014815962256307103,81967957507716
-0.0005153111076197092,81968057507716
0.00026324860789372906,81968157507716
-0.0017663412746742324,81968257507716
-0.00019439804202647792,81968357507716
0.003128238742647227,81968457507716
0.0068150980050631915,81968557507716
0.0015929570625985434,81968657507716
-0.004258518394294697,81968757507716
0.0002602114077490114,81968857507716
-0.00044808605207435903,81968957507716
-0.007289008920452034,81969057507716
-0.0068178916452552585,81969157507716
0.0009988768356379296,81969257507716
0.0013807519920874256,81969357507716
0.0012798057309737487,81969457507716
-0.0005336189803983871,81969557507716
-0.0034557853903152136,81969657507716
-0.005136274763572146,81969757507716
-0.005641848593995746,81969857507716
0.0011101949103249353,81969957507716
0.0010126125845317802,81970057507716
-0.0027981091185438345,81970157507716
-0.0013531939223412337,81970257507716
0.00538919008636185,81970357507716
-0.0001975997746512803,81970457507716
-0.005414772330368578,81970557507716
-0.003108878544480831,81970657507716
-0.003938171519621392,81970757507716
-0.0005904778433887259,81970857507716
-0.006314192799209195,81970957507716
-0.008236085334829113,81971057507716
-0.007929515087084837,81971157507716
-0.0036217920280705584,81971257507716
-0.0016872886166083845,81971357507716
-0.0017385104421236974,81971457507716
-0.0045329889635468135,81971557507716
-0.007646864964840461,81971657507716
0.0016778760377746949,81971757507716
-0.009826793910065135,81971857507716
-0.007866229046953777,81971957507716
-0.00509758153407347,81972057507716
0.0026650029507209183,81972157507716
-0.0014830138720753894,81972257507716
-0.007809367989125349,81972357507716
-0.002734495224103739,81972457507716
-0.007565483595953992,81972557507716
0.003744019690316236,81972657507716
0.0012520012077175124,81972757507716
-0.01106890551000106,81972857507716
-0.009572028602065075,81972957507716
-0.01100477159775437,81973057507716
-0.003372103763126688,81973157507716
-0.0073161023631200806,81973257507716
-0.005642368054736835,81973357507716
0.0024570251063096293,81973457507716
0.006335323508778856,81973557507716
-0.0003998221947085767,81973657507716
-0.0015944567131782605,81973757507716
-0.00792028009175283,81973857507716
-0.00379570009897634,81973957507716
-0.0034800169261188785,81974057507716
-0.006556898483381701,81974157507716
0.0009182245573811088,81974257507716
-0.004626331672625383,81974357507716
-0.010223148449995278,81974457507716
0.002774102962575853,81974557507716
0.00029825838646502234,81974657507716
0.0015491455470737492,81974757507716
-0.0014412737402835774,81974857507716
-0.003424853967658237,81974957507716
0.0030833977841666638,81975057507716
-0.00791071288404055,81975157507716
-0.008578579275990705,81975257507716
-0.005210614279349102,81975357507716
-0.0018700451128097484,81975457507716
0.0016652070178224676,81975557507716
-0.0015816317713870376,81975657507716
-3.00393176075886e-05,81975757507716
-0.006908297478048553,81975857507716
-0.010691702521967272,81975957507716
-4.880437188603537e-05,81976057507716
-0.004578182575983192,81976157507716
-0.0016730130521409592,81976257507716
-9.975576972465205e-05,81976357507716
-0.003259416954506378,81976457507716
-0.0017028557276717038,81976557507716
-0.0016857220223300828,81976657507716
-0.0033522495257329865,81976757507716
-0.0005121371417544651,81976857507716
-0.008125795564524196,81976957507716
-0.0031636221051485336,81977057507716
0.001291311104637316,81977157507716
-0.008247469239222482,81977257507716
-0.002109599983668886,81977357507716
-0.004210677988112366,81977457507716
0.003170582762095364,81977557507716
-0.0021997247806666564,81977657507716
-0.0030486577586543717,81977757507716
-0.0013904894586858063,81977857507716
-0.013349623978115233,81977957507716
-0.0074040958681962366,81978057507716
0.0013454174692242304,81978157507716
0.008342257232470729,81978257507716
0.0028723252983127168,81978357507716
-0.000549032094568247,81978457507716
-0.004315686687732523,81978557507716
-0.007961328169926674,81978657507716
-0.003677046538200557,81978757507716
-0.004507509093627959,81978857507716
-0.003085170891722555,81978957507716
-0.00984888087384661,81979057507716
-0.0060878028375555004,81979157507716
-0.00410194807238895,81979257507716
-0.006206872732377633,81979357507716
-0.0022895325988656623,81979457507716
0.0016108105908188008,81979557507716
0.0007590987906951341,81979657507716
0.002700901209323092,81979757507716
0.0011523038079985781,81979857507716
0.002870248238195927,81979957507716
-0.0038825520462069107,81980057507716
-0.0008509246403036741,81980157507716
-0.0034878862793448207,81980257507716
-0.0029401897503475993,81980357507716
-0.000759208598310579,81980457507716
0.0011982092682956136,81980557507716
0.0006153694070007987,81980657507716
1.7518486401968403e-05,81980757507716
-0.002437671131474417,81980857507716
0.004751586921429407,81980957507716
0.0027796347766297913,81981057507716
-0.0007560532141042131,81981157507716
-0.005129972145482498,81981257507716
-0.006263129891635799,81981357507716
-0.0035109687205476803,81981457507716
-0.006240263020004022,81981557507716
-0.0032960514681690256,81981657507716
0.0,81981757507716
0.0,81981857507716
-0.0025254099142557607,81981957507716
-0.0047529126561585144,81982057507716
-0.005681016455696408,81982157507716
-0.009432675877974361,81982257507716
-0.0044536480111219134,81982357507716
-0.0027351749737363207,81982457507716
-0.0016385733739525676,81982557507716
-0.004646559951083873,81982657507716
-0.005712042558457142,81982757507716
0.0007154548893595347,81982857507716
-0.0012222580273828498,81982957507716
-0.0046471339655909105,81983057507716
0.001698587895248238,81983157507716
0.002059474521502125,81983257507716
-0.0016829327803407068,81983357507716
-0.005093859085718577,81983457507716
-0.007509013017056532,81983557507716
-0.005689298188258363,81983657507716
-0.0043188311201447505,81983757507716
-0.002518098322411788,81983857507716
-0.002577831247094764,81983957507716
0.00047242363132227183,81984057507716
-0.0003758970956369012,81984157507716
-0.001514323089395475,81984257507716
0.0030317211160308943,81984357507716
0.0003357970480237782,81984457507716
-0.0013559693900333514,81984557507716
0.004031102185990676,81984657507716
0.0027483409738806586,81984757507716
-0.0021374631638764185,81984857507716
-0.004529786244006573,81984957507716
-0.0018459677147575348,81985057507716
-0.006457717759758452,81985157507716
-0.006003814051155132,81985257507716
-0.00570869835303256,81985357507716
-0.0045215077038847085,81985457507716
-6.572431209406204e-05,81985557507716
-0.000551622828879772,81985657507716
-0.004013919273802458,81985757507716
-0.0027138240174053863,81985857507716
0.000733054499391983,81985957507716
0.0005175477633656556,81986057507716
0.00025926990031166497,81986157507716
-0.0024498203908933647,81986257507716
0.0006737186633927195,81986357507716
0.0018720142234087689,81986457507716
0.004264792433332332,81986557507716
-0.001332715015564645,81986657507716
0.0017250096684620075,81986757507716
0.0004077594485352165,81986857507716
-0.007763956394683191,81986957507716
-0.019573807729898363,81987057507716
-0.0017987510703960652,81987157507716
0.007481975762289039,81987257507716
0.001644510501705554,81987357507716
0.0014008384868020585,81987457507716
-0.007036915993353432,81987557507716
-0.005840772821784412,81987657507716
0.006273057308476382,81987757507716
0.008688683981972645,81987857507716
0.017867748350681723,81987957507716
-0.023186438320408342,81988057507716
0.004150634349912252,81988157507716
0.002542354981301287,81988257507716
-0.0027806673691657124,81988357507716
-0.004929662549443492,81988457507716
-0.008256332806695355,81988557507716
-0.003934166160888708,81988657507716
0.002942676709380976,81988757507716
0.003435313653881167,81988857507716
0.011474993474962503,81988957507716
0.00552649709356956,81989057507716
-0.0015247289514945805,81989157507716
-0.004958857703400099,81989257507716
-0.005113445574693287,81989357507716
-0.005168457934814796,81989457507716
-0.0016343371610219037,81989557507716
-0.0018785837140740114,81989657507716
-0.010162682406530621,81989757507716
-0.0014298971944981531,81989857507716
0.0058962711090089215,81989957507716
0.011946862127501845,81990057507716
0.010584455890125355,81990157507716
0.007903901754389153,81990257507716
-0.001688342609782012,81990357507716
-0.00040020620815539587,81990457507716
-0.00497888514303213,81990557507716
-0.0026962784171473686,81990657507716
0.003211856217717468,81990757507716
0.0015635135506499864,81990857507716
-0.000433705859904876,81990957507716
-0.00392403225146154,81991057507716
-0.0068965971829584305,81991157507716
-0.006332387757993274,81991257507716
-0.003149015023609536,81991357507716
-0.002287548598246758,81991457507716
-0.006021985855340972,81991557507716
-0.00895410687110143,81991657507716
-0.0031871485093688534,81991757507716
-0.0014146077762688947,81991857507716
0.0017711356863401306,81991957507716
-0.0007134865040825389,81992057507716
-0.004993010239559226,81992157507716
-0.009439906497618722,81992257507716
-0.006367367651364475,81992357507716
-0.005541818592064374,81992457507716
-0.006064476234087124,81992557507716
-0.0037717008419804188,81992657507716
-0.005241472027250893,81992757507716
-0.00243667072709286,81992857507716
0.002939123210694561,81992957507716
-0.0033965803078217505,81993057507716
-0.002502633587823766,81993157507716
0.0,81993257507716
-0.0013508339679901837,81993357507716
-0.004282094645304824,81993457507716
-0.003433175188661153,81993557507716
-0.0024838961979867236,81993657507716
0.00011506081625611841,81993757507716
0.0002349391836560244,81993857507716
0.0,81993957507716
-0.0017246553391032649,81994057507716
-0.0032753446608921877,81994157507716
-0.0006265894353418844,81994257507716
0.001387387589034006,81994357507716
0.0031686610609540367,81994457507716
-0.0034905239854197134,81994557507716
-0.002763898191574299,81994657507716
-0.003651279909945515,81994757507716
-0.0055007760349781165,81994857507716
-0.0026997814049991575,81994957507716
-0.0009231996876906123,81995057507716
0.0,81995157507716
0.000704561098814338,81995257507716
0.0018503235845628296,81995357507716
-0.0010762838264781749,81995457507716
-0.008422662425914496,81995557507716
-0.004973382802063497,81995657507716
-0.002841048472532748,81995757507716
-0.008948807960109662,81995857507716
-0.004170461925923519,81995957507716
-0.00391720015716146,81996057507716
-0.0033248039308091393,81996157507716
-0.005255616308431854,81996257507716
-0.00416794975387802,81996357507716
0.0001173092996396008,81996457507716
-0.007053657404412661,81996557507716
-0.004752255931293803,81996657507716
-0.000953651725239979,81996757507716
-0.0034207868213798065,81996857507716
-0.0025245998328955466,81996957507716
-0.001660380095245273,81997057507716
-0.0015959439091375316,81997157507716
-0.0005436140213532781,81997257507716
-0.0017733770671384264,81997357507716
-0.005291526800988322,81997457507716
-0.006001148590598859,81997557507716
-0.0018047671708245616,81997657507716
-0.0008789930465127327,81997757507716
0.00037602821339532966,81997857507716
-0.001458537509620328,81997957507716
-0.005866635089773808,81998057507716
-0.004855563841942967,81998157507716
0.0009077363127971694,81998257507716
-0.0006505518548465261,81998357507716
-0.0019030596446327763,81998457507716
-0.00046869058803622465,81998557507716
-0.003381151710868835,81998657507716
-0.0027917275118625184,81998757507716
-0.0017007209677331048,81998857507716
-0.0029576657840379994,81998957507716
-0.0022635791001448524,81999057507716
0.0007041441290311923,81999157507716
-0.0042770203032205245,81999257507716
-0.004394879840560861,81999357507716
-0.0022592464478066177,81999457507716
0.0023840708355464812,81999557507716
0.0014585931080546288,81999657507716
-0.0012164766457090082,81999757507716
-0.0017777004534309526,81999857507716
-0.002913089364028565,81999957507716
-0.008607508523937213,82000057507716
-0.011923308453674508,82000157507716
-0.0011666268693488746,82000257507716
-0.0008186892980575067,82000357507716
-0.000357416798237864,82000457507716
-0.005524244527009614,82000557507716
0.0013204664733166283,82000657507716
-0.0006323927958646891,82000757507716
-0.0013644084688166913,82000857507716
-0.0015528862440987723,82000957507716
0.010902491332785758,82001057507716
-0.00174301421986911,82001157507716
-0.0024330551692628433,82001257507716
0.002925293932889872,82001357507716
-0.005041753978275665,82001457507716
-0.006910210268188166,82001557507716
-0.006902725209897653,82001657507716
-0.0010835608577508538,82001757507716
0.0,82001857507716
-0.0013012492086090788,82001957507716
-0.001682603494941759,82002057507716
-0.0010896228063757007,82002157507716
-0.001447625956302545,82002257507716
-0.011090441345004365,82002357507716
-0.002971359530306472,82002457507716
0.0013632429783001498,82002557507716
-0.002927816841065578,82002657507716
-0.01139330747821532,82002757507716
-0.0012673076178089104,82002857507716
0.0019585564327826432,82002957507716
0.0020785605657920314,82003057507716
-0.00152407808479893,82003157507716
-0.0016155605673020546,82003257507716
-0.0016291149623839374,82003357507716
-0.009920127709278859,82003457507716
-0.0019761544912171303,82003557507716
-0.006559113829553098,82003657507716
-0.007091293928169762,82003757507716
-0.006804761455896369,82003857507716
-0.0017020190032326354,82003957507716
0.0033830917604973365,82004057507716
0.00036774579314169387,82004157507716
0.0021688835482791546,82004257507716
-0.013650674190671452,82004357507716
-0.0018618873408513537,82004457507716
-0.008514758949331735,82004557507716
-0.0049956801808548335,82004657507716
-0.003669587176659661,82004757507716
-0.00817393492991414,82004857507716
0.0001860673655755818,82004957507716
0.0033093579878595847,82005057507716
0.00040457464649534813,82005157507716
-0.0003501112635149184,82005257507716
-0.004905953780394157,82005357507716
-0.0014644907158753995,82005457507716
0.0015306638990750798,82005557507716
-0.0010587186031898455,82005657507716
0.00471461201789225,82005757507716
-0.003673193471513514,82005857507716
-0.0044211629844994604,82005957507716
0.0007972098353548063,82006057507716
-0.0072566659240465015,82006157507716
-0.011578210375660092,82006257507716
-0.014793978633520055,82006357507716
0.00031254780594736076,82006457507716
0.0014567403580940663,82006557507716
-0.0014170960567980728,82006657507716
0.00024496365006143606,82006757507716
-0.008577924652740876,82006857507716
-0.0038719859701359383,82006957507716
0.013559412422296191,82007057507716
0.008373145850555375,82007157507716
0.010747020275744035,82007257507716
-0.0004706886330723137,82007357507716
-0.00013252238738914457,82007457507716
0.009514528872614392,82007557507716
0.0025951169219524672,82007657507716
-0.008451854529084812,82007757507716
-0.004465984513899457,82007857507716
-0.006255419414173957,82007957507716
0.0006194212746777339,82008057507716
0.0025210993085238442,82008157507716
0.0012146437563842483,82008257507716
-0.0030498243655756596,82008357507716
-0.0036155136903062157,82008457507716
-0.0030958467880282114,82008557507716
0.0024356644803447125,82008657507716
-0.008526702411245424,82008757507716
-0.005743999620790419,82008857507716
-0.0051382702919227086,82008957507716
-0.00047755450930253573,82009057507716
0.0011561978365079995,82009157507716
-0.0005902271201421172,82009257507716
0.00030970799957685813,82009357507716
0.003092908790904403,82009457507716
0.0038352710511162513,82009557507716
0.004293024299272474,82009657507716
-0.0022307976988713563,82009757507716
-0.003920787047832164,82009857507716
-0.0007556699837323322,82009957507716
-0.001304355437241611,82010057507716
0.0017676610268608783,82010157507716
0.004900138898506157,82010257507716
-5.61897577426862e-05,82010357507716
0.0016239878892747583,82010457507716
0.0019760121107310624,82010557507716
-0.0022190369312511393,82010657507716
-0.009940326051378179,82010757507716
-0.010728500251275364,82010857507716
-0.0032758014123146495,82010957507716
-0.00600779617104763,82011057507716
-0.005044480556307462,82011157507716
-0.0005026660503517633,82011257507716
-0.003488692015707784,82011357507716
-0.0025191892483462652,82011457507716
6.648868804859376e-05,82011557507716
0.0,82011657507716
0.0021085425289584236,82011757507716
0.0005771663813902705,82011857507716
-0.0026276709016883615,82011957507716
-0.0032973256189734457,82012057507716
-0.004425549746088109,82012157507716
-0.002982786421966921,82012257507716
-0.0027214017048891037,82012357507716
-0.001378235424340346,82012457507716
0.001115762362815076,82012557507716
-0.0014640410852280183,82012657507716
-0.005507665860704947,82012757507716
-0.0023289222449420777,82012857507716
-0.0006113407511065816,82012957507716
-0.003702719489979245,82013057507716
-0.0006830808506492758,82013157507716
0.0005892688274116153,82013257507716
0.00015931702739635512,82013357507716
-0.00570246480174319,82013457507716
-0.006342394386933847,82013557507716
-0.0015926245260970973,82013657507716
-0.0011166329302341182,82013757507716
-0.0064900640159066825,82013857507716
-0.0022918738873158873,82013957507716
7.67375207715304e-05,82014057507716
-0.0025433790364104425,82014157507716
-0.004641628163085443,82014257507716
-0.006103409216507316,82014357507716
-0.004289982729233088,82014457507716
-0.00880592475505182,82014557507716
-0.007677569528482309,82014657507716
0.0011948959370329248,82014757507716
-0.0033511866995468154,82014857507716
-0.0025833718449348453,82014957507716
-0.0017328852671880668,82015057507716
0.00400925121812179,82015157507716
0.004001384636694638,82015257507716
-0.010224543169670142,82015357507716
-0.006780648223298158,82015457507716
-0.003710546885713484,82015557507716
-0.004873125499443631,82015657507716
0.001081322824347808,82015757507716
-0.0037578065043817332,82015857507716
-0.0069309709584786106,82015957507716
-0.006872725012954106,82016057507716
-0.0007944728110942378,82016157507716
-0.0028138783770828013,82016257507716
0.0010450240696400215,82016357507716
-0.004313893392009049,82016457507716
-0.0005999452474725331,82016557507716
-0.005596292826453464,82016657507716
-0.0071596398689735,82016757507716
-0.0008740526683368444,82016857507716
-0.0013827955790475244,82016957507716
0.00013237651421604824,82017057507716
5.041906479164027e-05,82017157507716
0.00036774273098671983,82017257507716
0.005144496111029184,82017357507716
-0.001188558397302586,82017457507716
-0.00152370632201837,82017557507716
-0.004858404635115221,82017657507716
-0.0051664796792465495,82017757507716
-0.003191321315625828,82017857507716
-0.00013376849267388025,82017957507716
-0.01023656600727918,82018057507716
0.0032756287681650065,82018157507716
-0.006540283040180839,82018257507716
-0.0001487797206891628,82018357507716
-0.006803133331345634,82018457507716
0.00025246386690014333,82018557507716
-0.0019523360799666989,82018657507716
-0.0017676603218887976,82018757507716
-0.005026772557357617,82018857507716
0.0018953621913624374,82018957507716
-0.0034196348452724123,82019057507716
-0.0035081416310731584,82019157507716
-0.0066784898490368505,82019257507716
-0.001491657442329597,82019357507716
-0.00011077412398208253,82019457507716
-0.0017271713380750953,82019557507716
-0.0003139017646844877,82019657507716
-0.006759825163271671,82019757507716
-0.004801739218578405,82019857507716
-0.001652829775821374,82019957507716
-0.00478961909368536,82020057507716
-0.0017933382312094182,82020157507716
-0.0030508012906693693,82020257507716
-0.001045598243308632,82020357507716
-0.007686037532835144,82020457507716
0.0022189553221778624,82020557507716
0.006597150048605727,82020657507716
-0.001001793305931642,82020757507716
0.002060157500409332,82020857507716
-0.006389243996864025,82020957507716
-0.0033485952583305334,82021057507716
-0.003145720727616208,82021157507716
-0.0014292738062522403,82021257507716
-0.0011224715526623186,82021357507716
-0.005207528447385812,82021457507716
-0.0012986471576823533,82021557507716
-0.005893212232649603,82021657507716
-0.002771968501747324,82021757507716
-0.005032003727706069,82021857507716
-0.000133942675461185,82021957507716
-0.005991527938249419,82022057507716
-0.0034361752266249823,82022157507716
-0.003421185891170353,82022257507716
-0.0007987005020595461,82022357507716
0.006621638078627257,82022457507716
-0.004177292365739049,82022557507716
-0.011886549730206752,82022657507716
-0.010390107608941435,82022757507716
-0.0038903245203982806,82022857507716
0.00042906173200663034,82022957507716
-7.774765026624664e-05,82023057507716
-0.004603835584020999,82023157507716
-0.0028901091851594174,82023257507716
-0.001157369312636547,82023357507716
-0.0009085549222618283,82023457507716
-0.0016934293399799571,82023557507716
-0.0014861690110592463,82023657507716
-0.007184863196243896,82023757507716
-0.0031269835303646687,82023857507716
-0.003438337036300254,82023957507716
-0.005123210531337463,82024057507716
-0.0005968396924345143,82024157507716
-0.009170680668034947,82024257507716
-0.006075473858345504,82024357507716
-0.007870662331924905,82024457507716
-0.003886274770707132,82024557507716
-0.0036177531598013957,82024657507716
-0.0016004701923293396,82024757507716
-0.0010769984263561128,82024857507716
-0.0011568957311283157,82024957507716
-0.004799916823685635,82025057507716
-0.006947425050952916,82025157507716
-0.0037890617267066773,82025257507716
-0.0021912086866677782,82025357507716
-0.0028834097496428512,82025457507716
0.004022130309635941,82025557507716
0.0011754175033047431,82025657507716
-0.006948473296915836,82025757507716
-0.0034367434219575443,82025857507716
-0.002536972426128159,82025957507716
0.002682422292650699,82026057507716
-0.0010593563690690644,82026157507716
-0.006850745368183198,82026257507716
-0.0016930607869198866,82026357507716
0.0007936891098552223,82026457507716
0.003651894729614469,82026557507716
0.0015244308933688444,82026657507716
-0.003629431954664142,82026757507716
-0.0031303906150697003,82026857507716
0.001595245780777077,82026957507716
-0.017079323048392325,82027057507716
-0.011956114895610881,82027157507716
0.0,82027257507716
0.005731696580028256,82027357507716
0.007621758238428811,82027457507716
-0.0032543308310550856,82027557507716
-0.003955446163558918,82027657507716
-0.004125173892589373,82027757507716
0.011322535327963124,82027857507716
0.00346804739547224,82027957507716
-0.0034918142960123078,82028057507716
-0.00467808094879274,82028157507716
-0.007645509014878371,82028257507716
0.008121662241705963,82028357507716
0.010023829440569898,82028457507716
0.005769219104536205,82028557507716
-0.013393961963970469,82028657507716
-0.006871910642530565,82028757507716
-0.003617649454668026,82028857507716
-0.0076433534933357805,82028957507716
0.001362650201372162,82029057507716
0.00781638927333006,82029157507716
0.014676841359005266,82029257507716
0.003986340151300283,82029357507716
-0.001197562448737699,82029457507716
0.004396116515749782,82029557507716
0.0021724077186036084,82029657507716
-0.005773839864332331,82029757507716
-0.007104028261551321,82029857507716
0.002266604524379545,82029957507716
-0.0026941523029790915,82030057507716
-0.003433127255107138,82030157507716
-0.0002561572383683597,82030257507716
-0.003196349241875396,82030357507716
0.006233419177533506,82030457507716
0.003509059123643965,82030557507716
-0.0013430170649826323,82030657507716
0.003199630569497458,82030757507716
0.0050661914885949955,82030857507716
0.00010106594754688558,82030957507716
-0.0016665438428162815,82031057507716
-0.0034020896927131616,82031157507716
0.0018956134908876265,82031257507716
-0.005223190068363692,82031357507716
-0.004939936907703668,82031457507716
0.006766147020812241,82031557507716
-0.00045425587359204656,82031657507716
-0.008343850061692137,82031757507716
-0.004770342267079286,82031857507716
-0.00026992518530732923,82031957507716
-0.008302980724351983,82032057507716
-0.005534021077210127,82032157507716
-0.004323857875533577,82032257507716
-0.001600766935325737,82032357507716
-0.0004206944263387413,82032457507716
-0.00381759862978015,82032557507716
-0.00581170731641123,82032657507716
-0.0008469913411772723,82032757507716
-0.006334481360227073,82032857507716
0.0002094494542461689,82032957507716
0.007564208396843242,82033057507716
-0.00024566212982790603,82033157507716
-0.0068365226472906215,82033257507716
6.523949878101121e-05,82033357507716
-0.0005096325224940301,82033457507716
-0.0027156069762668267,82033557507716
0.000377911672103437,82033657507716
0.0010672928426629369,82033757507716
-0.002284956715698172,82033857507716
-0.0025193100553906334,82033957507716
0.0005316562679809067,82034057507716
-0.0017660815535691654,82034157507716
-0.0074912011324386185,82034257507716
0.0007302714087700224,82034357507716
0.0017441222123579792,82034457507716
0.0005615052907614881,82034557507716
-0.0022722596979747323,82034657507716
-0.0016110859966147473,82034757507716
-0.00010102716498749942,82034857507716
-0.004684211007997874,82034957507716
-0.005551374530341491,82035057507716
-0.004162175533338086,82035157507716
-0.004243914484277411,82035257507716
-0.0031753600475212806,82035357507716
-0.0025558945105785824,82035457507716
-0.00434469377591995,82035557507716
-0.005629145680700276,82035657507716
-0.0009479752873176039,82035757507716
-0.0022802532965897626,82035857507716
-0.005063752883302186,82035957507716
-0.00669128546326192,82036057507716
-0.0037963522014479167,82036157507716
0.0019470480449399474,82036257507716
0.0003048343393174946,82036357507716
-0.0025363989076367943,82036457507716
-0.00180593215202407,82036557507716
-0.0016171471926327285,82036657507716
-0.004436295432128645,82036757507716
-0.00450088791546932,82036857507716
-0.0006481276307113149,82036957507716
-0.0015020515460264505,82037057507716
-0.008688274396604356,82037157507716
-0.008803337375184128,82037257507716
-0.001378836612275336,82037357507716
0.0010249581010839393,82037457507716
-0.0036458064819271385,82037557507716
-0.001252407646006759,82037657507716
-0.00024233828673914104,82037757507716
-0.0007685613646799538,82037857507716
-0.00017237671670500276,82037957507716
-0.003630972596738502,82038057507716
-0.004219274483716617,82038157507716
-0.0012415484295615897,82038257507716
0.00021456839476741152,82038357507716
-0.00503266245505074,82038457507716
-0.0031708696794794378,82038557507716
0.00016224974581291463,82038657507716
0.0,82038757507716
-0.001264019834593455,82038857507716
-0.003989007567383851,82038957507716
-0.0008328663326437891,82039057507716
-0.0004883857430968419,82039157507716
-0.01285329340385033,82039257507716
-0.005093113540056038,82039357507716
-0.002665953486939543,82039457507716
-0.003661600014652322,82039557507716
-0.0021126150579675596,82039657507716
0.0028439206582788756,82039757507716
0.0017169343228715661,82039857507716
-0.0025242566982797143,82039957507716
-0.0021738465180760613,82040057507716
0.0018487046147583897,82040157507716
-0.005162815220728589,82040257507716
-0.0023177861777412545,82040357507716
0.0028987668504214525,82040457507716
-0.006560313177942589,82040557507716
-0.005076208869809307,82040657507716
-0.0018567991382951732,82040757507716
-0.0032698650136353535,82040857507716
-0.003334180814931642,82040957507716
-0.0034606754036303755,82041057507716
-0.003456278538465085,82041157507716
-0.0005291026068334759,82041257507716
-0.005166250233060055,82041357507716
-0.0027967782996256574,82041457507716
-0.009797566493148224,82041557507716
-0.0025647482609656436,82041657507716
3.996964085217769e-05,82041757507716
-0.0027551957517744086,82041857507716
-0.001986760375416452,82041957507716
-0.0016942078043484798,82042057507716
-0.0031117179040620613,82042157507716
-0.007725738961198658,82042257507716
-0.004235818403913072,82042357507716
0.002327395075212735,82042457507716
0.0009291735249234989,82042557507716
-0.005797962723590899,82042657507716
-0.000989136316661643,82042757507716
0.0018448477372885463,82042857507716
0.0002551522627527447,82042957507716
-0.00764653599230769,82043057507716
-0.0005013381921799009,82043157507716
-0.003091661233384002,82043257507716
-0.006487225007390407,82043357507716
-0.005338637886097786,82043457507716
-0.01003489960294246,82043557507716
-0.0021822648429861147,82043657507716
-0.00168526722200113,82043757507716
-0.0018095503623953846,82043857507716
-0.003322461061998183,82043957507716
0.0016000010333527825,82044057507716
-0.008139031624637028,82044157507716
-0.00036112800501086895,82044257507716
0.0038169293662804193,82044357507716
-0.0015202668631673077,82044457507716
0.0031569217904916513,82044557507716
-0.0014680100849773225,82044657507716
-3.557420870947681e-05,82044757507716
-0.005035876671627193,82044857507716
0.005523477932342757,82044957507716
-0.0005278660626117926,82045057507716
-0.0030807757667616897,82045157507716
-0.0033806514401248933,82045257507716
-0.0036074141609105936,82045357507716
-0.0066844221465771625,82045457507716
-0.0048410986523776955,82045557507716
-0.006355141389917662,82045657507716
0.00354027821992986,82045757507716
-0.0016677529655453327,82045857507716
-0.0015927568957749827,82045957507716
0.00042163974865161435,82046057507716
0.004656609009316526,82046157507716
0.000515506486749473,82046257507716
0.0023467163284749404,82046357507716
-0.006053237529613398,82046457507716
0.0011012239399406099,82046557507716
-0.003370977974213929,82046657507716
-0.00357745623171013,82046757507716
-0.005916020008385203,82046857507716
-0.00836509881821712,82046957507716
0.0018545180429327957,82047057507716
-0.007823429410677818,82047157507716
-0.0022626948889410414,82047257507716
0.0035871952433126353,82047357507716
0.0020235904252103865,82047457507716
